{
  "tests": [
    {
      "name": "Similarity test",
      "setup": "javac given/*.java",
      "run": "java -cp . given.Autograde",
      "input": "",
      "output": "Similarity between burgess-busterbrown.txt and austen-sense.txt: 0.0501081533",
      "comparison": "included",
      "timeout": 1,
      "points": 10
    },
    {
      "name": "Most frequent test",
      "setup": "javac given/*.java",
      "run": "java -cp . given.Autograde",
      "input": "",
      "output": "burgess-busterbrown.txt top 5 most frequent 3-grams:\r\nfarmer browns boy\r\nthe green forest\r\nlittle joe otter\r\nthe laughing brook\r\nthe old pasture",
      "comparison": "included",
      "timeout": 1,
      "points": 10
    },
    {
      "name": "Prefix test",
      "setup": "javac given/*.java",
      "run": "java -cp . given.Autograde",
      "input": "",
      "output": "burgess-busterbrown.txt. Most frequent next word for the prefix \"for the\": green | count: 5",
      "comparison": "included",
      "timeout": 1,
      "points": 10
    }
  ]
}